Center,Region,Commune,City,Timestamp
A,Greenfield,Springdale,MegaMetropolis,26-07-2024 20:25
B,Redstone,Emberglow,GrandMetropolis,26-07-2024 20:25
C,Greenfield,Fairgrove,MegaMetropolis,26-07-2024 20:25
D,Redstone,Emberglow,GrandMetropolis,26-07-2024 20:25
E,Redstone,Crimsonpeak,ExpansiveCity,26-07-2024 20:25
F,Northland,Frostvale,MegaTown,26-07-2024 20:25
G,Highland,Stonehaven,SubstantialCity,26-07-2024 20:25
H,Greenfield,Springdale,MassiveCity,26-07-2024 20:25
I,Midrealm,Greenhill,MediumCity,26-07-2024 20:25
J,Redstone,Crimsonpeak,ExpansiveCity,26-07-2024 20:25
K,Redstone,Ironforge,HugeCity,26-07-2024 20:25
L,Eastwood,Brightwood,GrowingTown,26-07-2024 20:25
M,Southport,Sunport,LargeTown,26-07-2024 20:25
N,Greenfield,Fairgrove,MassiveCity,26-07-2024 20:25
O,Westvale,Stormfield,BigCity,26-07-2024 20:25
P,Seashire,Driftwood,TinyTown,26-07-2024 20:25
Q,Redstone,Ironforge,HugeCity,26-07-2024 20:25
R,Seashire,Driftwood,BigCity,26-07-2024 20:25
S,Redstone,Goldentop,ColossalCity,26-07-2024 20:25
T,Rivermark,Riverbend,ModestCity,26-07-2024 20:25
U,Greenfield,Fairgrove,MassiveCity,26-07-2024 20:25
V,Meadowland,Blossomfield,SmallCity,26-07-2024 20:25
W,Hilltop,Crestview,SignificantCity,26-07-2024 20:25
X,Lakeside,Clearwater,MiniCity,26-07-2024 20:25
